{
  "precision": 0.9372340425531915,
  "recall": 0.0866699458927693,
  "f1": 0.15866726699684827,
  "auc": 0.5181535815678102
}