{
  "precision": 0.9893238434163701,
  "recall": 0.01367437284800787,
  "f1": 0.02697588666246179,
  "auc": 0.506196981558447
}