{
  "precision": 0.8966566690190544,
  "recall": 0.9999508116084604,
  "f1": 0.9454909073996558,
  "auc": 0.4999754058042302
}