{
  "precision": 1.0,
  "recall": 0.00029513034923757994,
  "f1": 0.0005900865460267506,
  "auc": 0.5001475651746188
}