{
  "roc_auc": 0.4732943712555327,
  "pr_auc": 0.9326484001106261,
  "youden_threshold": 0.7031048536300659
}