{
  "precision": 0.887059598287784,
  "recall": 0.7950811608460403,
  "f1": 0.8385557169537249,
  "auc": 0.4583600426509331
}